,Student Number,Start Time,Submit Time,Status,Q1,Q2,Q2.1,Q2.2,Q2.3,Q3.1,Q3.2,Q3.3,Q3.4,Q3.5,Q3.6,Q3.7,Q3.8,Q3.9,Q3.10,Q3.11,Q3.12,Q3.13,Q3.14,Q3.15,Q4.1,Q4.2,Q4.3,Q4.4,Q4.5,Q4.6,Q4.7,Q4.8,Q4.9,Q4.10,Q4.11,Q5,Q6,Q7
0,1,2022-08-09 19:46:53.200,2022-08-09 19:48:06.710,Submitted,Yes,No answer,in Chemistry teaching labs,No answer,No answer,Neutral,Disagree,Disagree,Neutral,Neutral,Neutral,Neutral,Neutral,Neutral,Neutral,Neutral,Disagree,Neutral,Neutral,Neutral,I have no idea,False but I am not sure,I have no idea,False but I am not sure,True but I am not sure,I have no idea,I have no idea,False but I am not sure,False but I am not sure,I have no idea,I have no idea,Difference in potential,Difference in voltagw,Nil
1,2,2022-08-09 10:40:39.280,2022-08-09 10:46:53.903,Submitted,Yes,"Pre-University (e.g. Junior College, Polytechnic, Secondary School, etc.)",in Chemistry teaching labs,No answer,Others,Neutral,Disagree,Neutral,Neutral,Disagree,Neutral,Strongly Agree,Neutral,Neutral,Agree,Agree,Neutral,Disagree,Neutral,Disagree,"True, I am confident","False, I am confident","True, I am confident",True but I am not sure,"False, I am confident",True but I am not sure,True but I am not sure,"False, I am confident","False, I am confident",False but I am not sure,"False, I am confident",Used to measure concentration by measuring the cell potentials,Used to measure concentration by applying current (not sure),I'm interested to learn more!
2,3,2022-08-10 02:37:50.900,2022-08-11 10:07:25.657,Submitted,Yes,"Pre-University (e.g. Junior College, Polytechnic, Secondary School, etc.)",No answer,No answer,No answer,Neutral,Neutral,Neutral,Agree,Neutral,Neutral,Neutral,Agree,Agree,Agree,Neutral,Neutral,Agree,Neutral,Neutral,True but I am not sure,False but I am not sure,False but I am not sure,False but I am not sure,False but I am not sure,False but I am not sure,False but I am not sure,False but I am not sure,False but I am not sure,False but I am not sure,True but I am not sure,Potential measured can be used to find concentrations of electrolyte in a solution.,Currents can be measured by applying a fixed potential across.,I have not touched electrochemistry for about 3 years and these questions appear really clueless to me.. Could you please provide some materials for some fundamental concepts if they will not be covered in our class? Thank you!
4,5,2022-08-09 11:57:08.667,2022-08-09 12:06:04.880,Submitted,Yes,No answer,in Chemistry teaching labs,in other University modules,No answer,Neutral,Neutral,Neutral,Neutral,Neutral,Neutral,Neutral,Neutral,Neutral,Neutral,Neutral,Neutral,Neutral,Neutral,Neutral,True but I am not sure,False but I am not sure,True but I am not sure,False but I am not sure,True but I am not sure,True but I am not sure,False but I am not sure,False but I am not sure,True but I am not sure,"True, I am confident",False but I am not sure,Potentiometry is an electroanalytic method where the electrical potential between the electrodes are measured.,Voltammetry is an electroanalytic method where the measure of the voltage in the circuit is measured.,NIL
5,6,2022-08-09 06:48:31.240,2022-08-09 07:09:04.273,Submitted,Yes,"Pre-University (e.g. Junior College, Polytechnic, Secondary School, etc.)",No answer,in other University modules,No answer,Strongly Agree,Neutral,Neutral,Agree,Strongly Agree,Agree,Strongly Agree,Strongly Agree,Agree,Agree,Agree,Strongly Agree,Neutral,Neutral,Neutral,"True, I am confident","False, I am confident","False, I am confident",False but I am not sure,"True, I am confident","False, I am confident","False, I am confident","False, I am confident","False, I am confident","False, I am confident","False, I am confident",The chemical analysis technique is used to obtain the potential difference between 2 electrodes in a cell.,Electrochemical analysis technique where a range of potential is applied at working electrode and corresponding current produced is obtained from the system.,Electrochemistry
6,7,2022-08-09 02:17:16.033,2022-08-09 02:20:52.977,Submitted,Yes,"Pre-University (e.g. Junior College, Polytechnic, Secondary School, etc.)",in Chemistry teaching labs,No answer,No answer,Agree,Neutral,Disagree,Neutral,Neutral,Agree,Agree,Neutral,Neutral,Disagree,Disagree,Disagree,Neutral,Neutral,Agree,"True, I am confident","False, I am confident","False, I am confident","False, I am confident","False, I am confident","False, I am confident","False, I am confident","False, I am confident","False, I am confident","False, I am confident",True but I am not sure,"Study of potential difference across the electrodes, against the reference electrode. ",Measure of redox potentials ,
7,8,2022-08-11 14:35:26.607,2022-08-11 15:54:25.267,Submitted,Yes,"Pre-University (e.g. Junior College, Polytechnic, Secondary School, etc.)",in Chemistry teaching labs,No answer,No answer,Neutral,Disagree,Neutral,Neutral,Disagree,Neutral,Strongly Agree,Agree,Neutral,Neutral,Disagree,Disagree,Neutral,Neutral,Agree,"True, I am confident","False, I am confident","False, I am confident","True, I am confident","False, I am confident","False, I am confident",I have no idea,"False, I am confident","False, I am confident",False but I am not sure,False but I am not sure,The quantitative analysis of the concentration of an analyte in a sample by measurement of the potential difference between a working electrode and a reference electrode.,"The qualitative and quantitative analysis of an analyte's identity and concentration in a sample by measurement of both the potential difference between a working electrode and a reference electrode, and the current flowing across the same working electrode and a counter electrode.",
8,9,2022-08-09 16:10:45.330,2022-08-09 16:14:58.577,Submitted,Yes,"Pre-University (e.g. Junior College, Polytechnic, Secondary School, etc.)",in Chemistry teaching labs,in other University modules,No answer,Strongly Disagree,Strongly Disagree,Strongly Disagree,Neutral,Disagree,Neutral,Agree,Agree,Strongly Disagree,Strongly Disagree,Agree,Disagree,Strongly Agree,Disagree,Strongly Agree,True but I am not sure,"True, I am confident",I have no idea,"False, I am confident","True, I am confident",False but I am not sure,"False, I am confident","True, I am confident","False, I am confident","True, I am confident",False but I am not sure,Using the change in electric potential to determine the concentration of analyte in a solution,Measuring the current flow of an analyte by varying the potential,nil
9,10,2022-08-09 10:38:00.810,2022-08-09 12:07:15.113,Submitted,Yes,"Pre-University (e.g. Junior College, Polytechnic, Secondary School, etc.)",in Chemistry teaching labs,in other University modules,No answer,Agree,Neutral,Neutral,Neutral,Agree,Neutral,Neutral,Neutral,Neutral,Disagree,Neutral,Neutral,Neutral,Neutral,Neutral,True but I am not sure,"False, I am confident","False, I am confident",I have no idea,"True, I am confident","False, I am confident",I have no idea,"False, I am confident","False, I am confident",I have no idea,False but I am not sure,Potentiometry refers to the potential difference between the cathode and the anode.,Voltammetry refers to the voltage difference between the cathode and the anode.,"I believe that some people may view electrochemistry in a negative light because they might have had bad experiences in the past and it was not taught well then, causing them to hate this specific topic. In my opinion, if the lectures and/or lesson notes are broken down into bite-sized and more easily digestible chunks, with CLEAR LEARNING OBJECTIVES that allow students to track their learning before, during and/or after lectures, it would make learning the topic(s) more manageable and perhaps even enjoyable."
10,11,2022-08-09 13:22:29.193,2022-08-09 13:25:50.387,Submitted,Yes,"Pre-University (e.g. Junior College, Polytechnic, Secondary School, etc.)",in Chemistry teaching labs,in other University modules,No answer,Disagree,Disagree,Neutral,Neutral,Neutral,Agree,Strongly Agree,Strongly Agree,Agree,Agree,Agree,Agree,Strongly Agree,Agree,Agree,True but I am not sure,"True, I am confident",I have no idea,"False, I am confident",I have no idea,"False, I am confident",I have no idea,"False, I am confident","False, I am confident",False but I am not sure,I have no idea,Used to determine the concentration of an ion in the solution.,Potential across the electrodes are varied.,NIL
11,12,2022-08-09 15:43:02.447,2022-08-09 16:13:38.603,Submitted,Yes,"Pre-University (e.g. Junior College, Polytechnic, Secondary School, etc.)",in Chemistry teaching labs,No answer,No answer,Agree,Disagree,Strongly Disagree,Neutral,Agree,Neutral,Agree,Agree,Disagree,Neutral,Neutral,Disagree,Neutral,Agree,Disagree,"True, I am confident","False, I am confident",False but I am not sure,True but I am not sure,"False, I am confident","False, I am confident","False, I am confident","False, I am confident","False, I am confident","True, I am confident","False, I am confident",It is an analytical method used to determine the concentration of a solute using suitable standards for comparison.,It is an analytical method used to determine the reduction/oxidation potentials and current flow properties of an unknown solute with the introduction of a current from an electrical source.,Hope to learn lots about electrochemistry as well as other techniques in this module! =)
12,13,2022-08-09 21:27:00.837,2022-08-09 21:33:25.783,Submitted,Yes,"Pre-University (e.g. Junior College, Polytechnic, Secondary School, etc.)",No answer,No answer,No answer,Agree,Agree,Agree,Agree,Agree,Agree,Agree,Agree,Agree,Agree,Agree,Neutral,Neutral,Neutral,Neutral,True but I am not sure,I have no idea,False but I am not sure,I have no idea,False but I am not sure,False but I am not sure,I have no idea,"True, I am confident","False, I am confident",I have no idea,True but I am not sure,Potentiometry is used to find concentration of an unkown through a reading obtained from a chemical reaction.,Violtammetry is used to show reaction kinetics.,Nil
13,14,2022-08-10 10:30:18.700,2022-08-10 10:45:01.563,Submitted,Yes,"Pre-University (e.g. Junior College, Polytechnic, Secondary School, etc.)",in Chemistry teaching labs,No answer,No answer,Neutral,Disagree,Disagree,Neutral,Neutral,Neutral,Neutral,Neutral,Neutral,Neutral,Neutral,Disagree,Neutral,Agree,Neutral,True but I am not sure,False but I am not sure,False but I am not sure,True but I am not sure,"True, I am confident",True but I am not sure,False but I am not sure,"False, I am confident","False, I am confident",True but I am not sure,False but I am not sure,A technique used to measure the potential between the electrodes of an electrolytic set-up.,A technique used to measure the current of an electrolytic set-up when potential is varied.,N.A.
14,15,2022-08-12 13:59:47.680,2022-08-12 14:03:31.627,Submitted,Yes,"Pre-University (e.g. Junior College, Polytechnic, Secondary School, etc.)",No answer,No answer,No answer,Neutral,Strongly Disagree,Strongly Disagree,Neutral,Disagree,Strongly Disagree,Neutral,Neutral,Neutral,Strongly Agree,Disagree,Strongly Disagree,Strongly Agree,Strongly Disagree,Strongly Agree,I have no idea,I have no idea,I have no idea,I have no idea,False but I am not sure,I have no idea,I have no idea,True but I am not sure,I have no idea,I have no idea,True but I am not sure,It's basically magic to me.,It's magic but in different words.,I have shaky and questionable foundations in electrochemistry but somehow I managed to survive until my third year in university.
15,16,2022-08-10 10:44:00.707,2022-08-10 10:52:17.933,Submitted,Yes,"Pre-University (e.g. Junior College, Polytechnic, Secondary School, etc.)",No answer,No answer,No answer,Neutral,Neutral,Neutral,Neutral,Neutral,Neutral,Neutral,Neutral,Neutral,Neutral,Neutral,Neutral,Agree,Neutral,Agree,False but I am not sure,"False, I am confident",False but I am not sure,False but I am not sure,False but I am not sure,I have no idea,False but I am not sure,True but I am not sure,I have no idea,I have no idea,"True, I am confident",Potentiometry is scary. ,I am not sure what's the difference between Voltammetry and Potentiometry. ,I hope to learn and gain more confidence in electrochemistry after taking CM3242. 
16,17,2022-08-09 22:17:40.067,2022-08-10 13:35:25.620,Submitted,Yes,"Pre-University (e.g. Junior College, Polytechnic, Secondary School, etc.)",in Chemistry teaching labs,No answer,No answer,Strongly Agree,Agree,Agree,Agree,Agree,Agree,Strongly Agree,Agree,Agree,Agree,Strongly Agree,Agree,Neutral,Agree,Disagree,True but I am not sure,"False, I am confident",False but I am not sure,False but I am not sure,True but I am not sure,False but I am not sure,"False, I am confident","False, I am confident","False, I am confident",I have no idea,"False, I am confident",Usage of potential difference between electrodes to analyze the concentration of a solute by comparing it to the potential of a known concentration of the same solute.,Usage of an applied voltage to study the properties or reactions of the solutes within the solution such as redox reactions.,"Nil
"
17,18,2022-08-12 09:40:38.377,2022-08-12 09:48:14.003,Submitted,Yes,"Pre-University (e.g. Junior College, Polytechnic, Secondary School, etc.)",No answer,No answer,No answer,Disagree,Disagree,Disagree,Disagree,Disagree,Disagree,Agree,Disagree,Disagree,Neutral,Disagree,Disagree,Strongly Agree,Disagree,Strongly Agree,True but I am not sure,"False, I am confident",True but I am not sure,False but I am not sure,False but I am not sure,True but I am not sure,False but I am not sure,False but I am not sure,True but I am not sure,True but I am not sure,True but I am not sure,method to find the concentration of solute in a given solution by measuring the potential between two electrodes, study of the current response of a chemical under an applied potential difference. ,nil
18,19,2022-08-10 17:55:17.800,2022-08-12 19:00:21.877,Submitted,Yes,"Pre-University (e.g. Junior College, Polytechnic, Secondary School, etc.)",in Chemistry teaching labs,in other University modules,No answer,Agree,Agree,Agree,Agree,Agree,Agree,Agree,Agree,Agree,Agree,Agree,Agree,Strongly Agree,Agree,Neutral,True but I am not sure,"False, I am confident","False, I am confident",False but I am not sure,"False, I am confident",False but I am not sure,False but I am not sure,"False, I am confident","False, I am confident",True but I am not sure,False but I am not sure,Potentiometry is simply measuring the potential difference across 2 electrodes.,Voltammetry is when voltage is applied to induce oxidation or reduction.,
19,20,2022-08-11 13:03:13.757,2022-08-11 13:05:43.303,Submitted,Yes,"Pre-University (e.g. Junior College, Polytechnic, Secondary School, etc.)",in Chemistry teaching labs,in other University modules,No answer,Agree,Agree,Neutral,Agree,Neutral,Agree,Strongly Agree,Neutral,Neutral,Neutral,Agree,Neutral,Neutral,Neutral,Neutral,True but I am not sure,I have no idea,I have no idea,True but I am not sure,False but I am not sure,"False, I am confident","False, I am confident","False, I am confident","False, I am confident",False but I am not sure,I have no idea,i don't remember haha,i don't remember haha,NIL
20,21,2022-08-09 02:10:06.903,2022-08-09 02:28:57.837,Submitted,Yes,"Pre-University (e.g. Junior College, Polytechnic, Secondary School, etc.)",in Chemistry teaching labs,No answer,No answer,Neutral,Disagree,Disagree,Neutral,Strongly Disagree,Neutral,Neutral,Neutral,Disagree,Neutral,Neutral,Strongly Disagree,Agree,Neutral,Agree,True but I am not sure,False but I am not sure,False but I am not sure,True but I am not sure,False but I am not sure,"False, I am confident",False but I am not sure,True but I am not sure,False but I am not sure,False but I am not sure,False but I am not sure,"Reaction at electrodes occur spontaneously, generating a voltage to be measured.",Voltage is applied and current flow is measured.,-
21,22,2022-08-09 13:55:49.287,2022-08-09 14:04:08.103,Submitted,Yes,No answer,in Chemistry teaching labs,No answer,No answer,Neutral,Neutral,Neutral,Neutral,Neutral,Neutral,Neutral,Neutral,Neutral,Agree,Neutral,Neutral,Neutral,Neutral,Neutral,False but I am not sure,True but I am not sure,I have no idea,I have no idea,True but I am not sure,I have no idea,I have no idea,False but I am not sure,False but I am not sure,True but I am not sure,False but I am not sure,potentiometry measures the concentration of an unknown solution by comparing the potential between the unknown with a known standard.,voltammetry records how the flow of current in a solution changes as voltage is applied to it.,.
22,23,2022-08-09 07:53:27.377,2022-08-09 08:03:11.550,Submitted,Yes,"Pre-University (e.g. Junior College, Polytechnic, Secondary School, etc.)",No answer,in other University modules,No answer,Agree,Neutral,Neutral,Agree,Neutral,Agree,Neutral,Strongly Agree,Agree,Agree,Neutral,Neutral,Agree,Neutral,Agree,True but I am not sure,True but I am not sure,False but I am not sure,"False, I am confident","False, I am confident",False but I am not sure,I have no idea,"False, I am confident",False but I am not sure,I have no idea,False but I am not sure,Potentiometry allows us to determine the concentration of the solute present in the solution by titration and measuring the potential produced from the redox reaction that occurs.,Voltammetry helps to measure the current in response to the applied potential.,"Electrochemistry can get tedious and confusing as I study in depth about them, there is a lot of memorizing involved which I am afraid I might not be able to get everything into my brain before the test."
23,24,2022-08-09 12:35:29.513,2022-08-09 12:40:12.813,Submitted,Yes,"Pre-University (e.g. Junior College, Polytechnic, Secondary School, etc.)",No answer,No answer,No answer,Agree,Neutral,Neutral,Agree,Neutral,Agree,Agree,Neutral,Neutral,Agree,Neutral,Neutral,Neutral,Neutral,Neutral,True but I am not sure,False but I am not sure,"False, I am confident",I have no idea,True but I am not sure,True but I am not sure,False but I am not sure,False but I am not sure,False but I am not sure,False but I am not sure,False but I am not sure,Potentiometry is the study of the potential/current of the solution with ions using electrodes and a potentiometer.,Voltammetry is the study of the voltage of a solution containing ions using a voltmeter. ,
25,26,2022-08-09 22:00:51.610,2022-08-11 21:06:31.530,Submitted,Yes,No answer,No answer,in other University modules,No answer,Neutral,Neutral,Neutral,Neutral,Agree,Neutral,Neutral,Neutral,Neutral,Agree,Neutral,Neutral,Agree,Neutral,Agree,False but I am not sure,False but I am not sure,"True, I am confident",False but I am not sure,"False, I am confident",I have no idea,False but I am not sure,"False, I am confident",False but I am not sure,True but I am not sure,"False, I am confident",the use of electrode to measure voltage that provide chemical information,Measure current at different applied potential,-
26,27,2022-08-10 13:59:04.373,2022-08-10 14:10:40.570,Submitted,Yes,"Pre-University (e.g. Junior College, Polytechnic, Secondary School, etc.)",No answer,No answer,No answer,Agree,Neutral,Neutral,Neutral,Neutral,Agree,Agree,Neutral,Agree,Agree,Neutral,Agree,Neutral,Neutral,Neutral,True but I am not sure,True but I am not sure,False but I am not sure,"False, I am confident",True but I am not sure,False but I am not sure,True but I am not sure,"False, I am confident","False, I am confident",I have no idea,"False, I am confident","Potentiometry allows us to analyse the chemical solutions used, to measure the emf, potential difference across the terminals, find the concentration of the solutions. ",Change in currents in the solutions after applying different potential differences.,I will try my best! 
27,28,2022-08-09 14:57:30.267,2022-08-09 15:03:11.307,Submitted,Yes,"Pre-University (e.g. Junior College, Polytechnic, Secondary School, etc.)",No answer,No answer,No answer,Agree,Neutral,Neutral,Neutral,Neutral,Neutral,Neutral,Neutral,Neutral,Agree,Agree,Neutral,Neutral,Neutral,Neutral,"True, I am confident","False, I am confident","False, I am confident","False, I am confident","True, I am confident","True, I am confident","False, I am confident","False, I am confident","False, I am confident","True, I am confident","False, I am confident",I'm not sure,I'm not sure LOL,Wow!
28,29,2022-08-09 10:49:01.343,2022-08-09 10:52:53.927,Submitted,Yes,"Pre-University (e.g. Junior College, Polytechnic, Secondary School, etc.)",No answer,No answer,No answer,Neutral,Agree,Disagree,Neutral,Neutral,Neutral,Neutral,Neutral,Neutral,Agree,Neutral,Neutral,Strongly Agree,Neutral,Neutral,"True, I am confident","True, I am confident","False, I am confident","False, I am confident","False, I am confident",True but I am not sure,I have no idea,"False, I am confident",I have no idea,True but I am not sure,False but I am not sure,It is a way to measure potential at zero current,It is a way to measure analyte concentration,I only have recollection pertaining to this topic from cm2192
29,30,2022-08-12 14:12:55.407,2022-08-12 14:18:19.300,Submitted,Yes,"Pre-University (e.g. Junior College, Polytechnic, Secondary School, etc.)",in Chemistry teaching labs,No answer,No answer,Agree,Agree,Neutral,Neutral,Neutral,Agree,Strongly Agree,Agree,Strongly Agree,Agree,Agree,Agree,Agree,Agree,Agree,"True, I am confident","True, I am confident",False but I am not sure,False but I am not sure,"False, I am confident",False but I am not sure,False but I am not sure,"False, I am confident",I have no idea,"True, I am confident",False but I am not sure,using electrochemistry to find the concentration of a solute in an unknown solution,how varying potential will affect the current flowing through the system,nil
30,31,2022-08-11 15:03:06.177,2022-08-11 15:20:34.430,Submitted,Yes,"Pre-University (e.g. Junior College, Polytechnic, Secondary School, etc.)",No answer,in other University modules,No answer,Agree,Agree,Neutral,Agree,Neutral,Agree,Agree,Agree,Agree,Neutral,Neutral,Agree,Agree,Agree,Disagree,False but I am not sure,False but I am not sure,False but I am not sure,False but I am not sure,False but I am not sure,True but I am not sure,True but I am not sure,"False, I am confident",False but I am not sure,True but I am not sure,False but I am not sure,Potentiometry measures the change in potentials of the cathode and anode to determine the concentration of reactants.,"When different potentials are applied, the different currents are recorded and used to analyse the reduction and oxidation processes.",-
31,32,2022-08-09 12:35:10.640,2022-08-09 12:41:49.430,Submitted,Yes,"Pre-University (e.g. Junior College, Polytechnic, Secondary School, etc.)",in Chemistry teaching labs,in other University modules,No answer,Neutral,Neutral,Neutral,Neutral,Neutral,Neutral,Agree,Neutral,Neutral,Neutral,Agree,Neutral,Disagree,Neutral,Disagree,True but I am not sure,"False, I am confident",I have no idea,True but I am not sure,"False, I am confident","False, I am confident","False, I am confident","False, I am confident","False, I am confident",False but I am not sure,False but I am not sure,Measuring difference in potential between 2 electrodes,Measuring current flowing through a cell,-
32,33,2022-08-09 13:49:06.377,2022-08-09 14:21:17.663,Submitted,Yes,"Pre-University (e.g. Junior College, Polytechnic, Secondary School, etc.)",in Chemistry teaching labs,No answer,No answer,Agree,Agree,Agree,Agree,Agree,Agree,Agree,Neutral,Agree,Agree,Agree,Neutral,Neutral,Neutral,Neutral,True but I am not sure,True but I am not sure,False but I am not sure,True but I am not sure,"False, I am confident",I have no idea,True but I am not sure,True but I am not sure,False but I am not sure,True but I am not sure,True but I am not sure,Potentiometry involves the measuring of the potential between two electrodes.,Voltammetry involves the measuring of current induced when a potential is applied to the system. ,nil
33,34,2022-08-10 01:57:40.923,2022-08-10 02:07:20.590,Submitted,Yes,No answer,in Chemistry teaching labs,No answer,No answer,Neutral,Neutral,Neutral,Neutral,Agree,Neutral,Strongly Agree,Agree,Strongly Agree,Strongly Agree,Agree,Neutral,Agree,Neutral,Neutral,True but I am not sure,False but I am not sure,False but I am not sure,False but I am not sure,False but I am not sure,True but I am not sure,False but I am not sure,"False, I am confident","False, I am confident",False but I am not sure,"False, I am confident",potentiometry measures the potential difference between the two electrodes,the current is measured in voltammetry,not very sure about the differences between voltammetry and potentiometry
34,35,2022-08-09 17:36:14.457,2022-08-09 17:46:03.150,Submitted,Yes,"Pre-University (e.g. Junior College, Polytechnic, Secondary School, etc.)",No answer,No answer,No answer,Agree,Neutral,Neutral,Agree,Neutral,Agree,Agree,Neutral,Neutral,Agree,Agree,Neutral,Neutral,Neutral,Neutral,True but I am not sure,False but I am not sure,True but I am not sure,False but I am not sure,"True, I am confident",I have no idea,False but I am not sure,"False, I am confident",I have no idea,I have no idea,False but I am not sure,"It is a method using a voltmeter, often used to find the concentrations of solutes.",It is a technique where the current is measured while the potential difference is varied.,nil
35,36,2022-08-10 13:50:15.367,2022-08-10 14:07:37.507,Submitted,Yes,"Pre-University (e.g. Junior College, Polytechnic, Secondary School, etc.)",in Chemistry teaching labs,No answer,No answer,Agree,Neutral,Neutral,Neutral,Neutral,Neutral,Agree,Agree,Agree,Agree,Neutral,Agree,Neutral,Neutral,Disagree,True but I am not sure,False but I am not sure,"False, I am confident","True, I am confident","False, I am confident","False, I am confident",False but I am not sure,"False, I am confident","False, I am confident",False but I am not sure,"False, I am confident",Potentiometry can be used to determine the ion concentration of an unknown sample by first taking voltage measurements of known concentrations of analytes.,Voltammetry involves studying the current response of a sample under an applied potential difference.,How is electrochemistry used in the environmental chemistry field?
36,37,2022-08-11 13:15:49.063,2022-08-11 13:23:47.840,Submitted,Yes,"Pre-University (e.g. Junior College, Polytechnic, Secondary School, etc.)",in Chemistry teaching labs,No answer,No answer,Agree,Agree,Neutral,Neutral,Neutral,Agree,Strongly Agree,Strongly Agree,Agree,Agree,Agree,Agree,Neutral,Agree,Agree,True but I am not sure,"True, I am confident",False but I am not sure,False but I am not sure,"False, I am confident","True, I am confident","False, I am confident","True, I am confident",False but I am not sure,True but I am not sure,"False, I am confident",potentiometry is the measurement of changes in potential difference due to changes in concentration of ions,voltammetry is the study of changes in current due to a chemical reaction when a potential over a range is applied. ,-
37,38,2022-08-09 01:46:15.290,2022-08-12 14:06:56.643,Submitted,Yes,"Pre-University (e.g. Junior College, Polytechnic, Secondary School, etc.)",in Chemistry teaching labs,No answer,No answer,Neutral,Disagree,Disagree,Disagree,Disagree,Disagree,Agree,Disagree,Agree,Disagree,Disagree,Agree,Agree,Disagree,Agree,True but I am not sure,"False, I am confident",False but I am not sure,True but I am not sure,"True, I am confident",True but I am not sure,True but I am not sure,"False, I am confident","False, I am confident","True, I am confident","False, I am confident",I have no idea what it is.,I have no idea what this is,NIL. We shall see.
38,39,2022-08-09 22:49:18.923,2022-08-09 23:37:19.000,Submitted,Yes,"Pre-University (e.g. Junior College, Polytechnic, Secondary School, etc.)",No answer,No answer,No answer,Strongly Agree,Disagree,Disagree,Agree,Neutral,Strongly Agree,Agree,Neutral,Neutral,Neutral,Disagree,Neutral,Agree,Agree,Agree,True but I am not sure,"True, I am confident",False but I am not sure,False but I am not sure,"True, I am confident",True but I am not sure,False but I am not sure,"False, I am confident","False, I am confident",True but I am not sure,False but I am not sure,the measurement of electrical potential as a technique in chemical analysis.,Voltammetry is the study of current as a function of applied potential. ,Very unconfident about answers and unsure about real life use of electrochemistry
39,40,2022-08-10 14:16:21.087,2022-08-10 15:01:14.307,Submitted,Yes,"Pre-University (e.g. Junior College, Polytechnic, Secondary School, etc.)",in Chemistry teaching labs,No answer,No answer,Agree,Neutral,Neutral,Agree,Neutral,Agree,Strongly Agree,Strongly Agree,Strongly Agree,Strongly Agree,Strongly Agree,Agree,Neutral,Neutral,Neutral,True but I am not sure,False but I am not sure,False but I am not sure,"False, I am confident","False, I am confident","True, I am confident",I have no idea,False but I am not sure,I have no idea,True but I am not sure,False but I am not sure,Determining the concentration of the analyte by using the potential differences between the two electrodes. ,It is when voltage is applied and the current of the system is measured to determine the property of the solution. ,N/A. 
40,41,2022-08-09 22:04:59.850,2022-08-09 22:14:30.707,Submitted,Yes,"Pre-University (e.g. Junior College, Polytechnic, Secondary School, etc.)",No answer,No answer,No answer,Agree,Neutral,Neutral,Agree,Agree,Agree,Agree,Neutral,Neutral,Agree,Agree,Disagree,Neutral,Neutral,Agree,"True, I am confident","False, I am confident",False but I am not sure,True but I am not sure,"False, I am confident",False but I am not sure,False but I am not sure,"False, I am confident","False, I am confident","True, I am confident","False, I am confident",It is a method used to determine the concentration of a solute in the solution. ,Voltammetry looks at how the current measured varies with a changing potential.,nil
41,42,2022-08-09 08:40:44.807,2022-08-09 08:50:17.573,Submitted,Yes,"Pre-University (e.g. Junior College, Polytechnic, Secondary School, etc.)",in Chemistry teaching labs,No answer,No answer,Agree,Agree,Disagree,Neutral,Disagree,Neutral,Disagree,Neutral,Disagree,Disagree,Disagree,Disagree,Disagree,Disagree,Agree,"True, I am confident","False, I am confident","True, I am confident","True, I am confident","False, I am confident","True, I am confident","False, I am confident","False, I am confident","False, I am confident","False, I am confident","False, I am confident",an electrochemical method that measures potential between two electrodes,an electrochemical method that measures current when potential is varied,
42,43,2022-08-10 23:40:08.227,2022-08-10 23:48:40.717,Submitted,Yes,"Pre-University (e.g. Junior College, Polytechnic, Secondary School, etc.)",No answer,No answer,No answer,Neutral,Neutral,Neutral,Neutral,Neutral,Neutral,Agree,Neutral,Neutral,Neutral,Neutral,Neutral,Neutral,Neutral,Neutral,True but I am not sure,I have no idea,False but I am not sure,False but I am not sure,True but I am not sure,True but I am not sure,False but I am not sure,"False, I am confident","False, I am confident",True but I am not sure,I have no idea,Measurement of electrical potential.,Measurement of voltage due to a difference in potential.,I'm honestly not very sure about the terms without physics knowledge to help me differentiate a little. :')) Hope there will be clarifications in upcoming lectures.
43,44,2022-08-09 23:14:13.873,2022-08-09 23:28:23.830,Submitted,Yes,No answer,in Chemistry teaching labs,No answer,No answer,Neutral,Neutral,Neutral,Neutral,Neutral,Neutral,Agree,Agree,Agree,Agree,Neutral,Neutral,Agree,Neutral,Agree,True but I am not sure,I have no idea,False but I am not sure,False but I am not sure,False but I am not sure,I have no idea,False but I am not sure,False but I am not sure,I have no idea,I have no idea,False but I am not sure,Potentiometric titration allows us to do titration without an indicator,There is cyclic voltammetry and linear sweep voltammetry,I might need a recap on electrochemistry
44,45,2022-08-09 12:36:39.570,2022-08-09 12:45:15.820,Submitted,Yes,"Pre-University (e.g. Junior College, Polytechnic, Secondary School, etc.)",No answer,No answer,No answer,Agree,Strongly Agree,Agree,Agree,Neutral,Agree,Neutral,Agree,Disagree,Agree,Neutral,Neutral,Agree,Disagree,Disagree,"True, I am confident","False, I am confident",False but I am not sure,"True, I am confident","True, I am confident","True, I am confident",False but I am not sure,"False, I am confident","False, I am confident","True, I am confident","True, I am confident","Potentiometry is the measuring of the difference in potential between 2 electrodes of a cell, and can be used to calculate concentrations of solutions.",Voltammetry is the measuring of current flowing through an analyte when the potential is varied.,NIL
47,48,2022-08-09 16:07:12.940,2022-08-09 16:13:44.627,Submitted,Yes,"Pre-University (e.g. Junior College, Polytechnic, Secondary School, etc.)",in Chemistry teaching labs,in other University modules,No answer,Neutral,Disagree,Disagree,Disagree,Neutral,Neutral,Agree,Agree,Neutral,Neutral,Neutral,Neutral,Strongly Agree,Neutral,Agree,"True, I am confident","False, I am confident",False but I am not sure,True but I am not sure,"False, I am confident","False, I am confident",False but I am not sure,"False, I am confident",False but I am not sure,I have no idea,False but I am not sure,It involves the measurement of potentials in an electrochemical cell.,Voltammetry involves measuring the current as a function of the applied potential in a cell.,-
48,49,2022-08-09 12:53:17.597,2022-08-09 12:56:57.980,Submitted,Yes,"Pre-University (e.g. Junior College, Polytechnic, Secondary School, etc.)",No answer,No answer,No answer,Agree,Agree,Agree,Neutral,Neutral,Neutral,Neutral,Neutral,Agree,Agree,Agree,Agree,Neutral,Neutral,Neutral,False but I am not sure,"False, I am confident","False, I am confident",False but I am not sure,"False, I am confident","False, I am confident","False, I am confident","False, I am confident","False, I am confident",False but I am not sure,"False, I am confident",Not an easy concept,"Not an easy concept.
",Nil
49,50,2022-08-10 12:45:23.433,2022-08-10 12:48:01.947,Submitted,Yes,"Pre-University (e.g. Junior College, Polytechnic, Secondary School, etc.)",No answer,No answer,No answer,Neutral,Neutral,Neutral,Neutral,Neutral,Neutral,Neutral,Neutral,Neutral,Neutral,Neutral,Neutral,Neutral,Neutral,Neutral,True but I am not sure,True but I am not sure,"False, I am confident",False but I am not sure,True but I am not sure,True but I am not sure,I have no idea,"False, I am confident",I have no idea,I have no idea,I have no idea,potential difference??,voltage??,nope
50,51,2022-08-10 15:49:45.753,2022-08-10 16:02:55.817,Submitted,Yes,"Pre-University (e.g. Junior College, Polytechnic, Secondary School, etc.)",No answer,No answer,No answer,Agree,Neutral,Disagree,Agree,Agree,Strongly Agree,Strongly Agree,Neutral,Neutral,Disagree,Neutral,Disagree,Strongly Agree,Neutral,Strongly Agree,True but I am not sure,"False, I am confident","False, I am confident","False, I am confident",False but I am not sure,I have no idea,"False, I am confident","False, I am confident","False, I am confident",I have no idea,"False, I am confident",It measures the difference in electrode potential between two electrodes. ,It is a electrochemical method in which a specific voltage is applied to a working electrode and the current produced by the system is measured.,What are some cool applications of electrochemistry?
51,52,2022-08-09 22:19:19.770,2022-08-12 01:26:29.230,Submitted,Yes,"Pre-University (e.g. Junior College, Polytechnic, Secondary School, etc.)",in Chemistry teaching labs,in other University modules,No answer,Agree,Agree,Neutral,Agree,Agree,Agree,Agree,Neutral,Neutral,Neutral,Neutral,Neutral,Disagree,Agree,Disagree,True but I am not sure,"False, I am confident","False, I am confident",False but I am not sure,I have no idea,False but I am not sure,False but I am not sure,"False, I am confident",False but I am not sure,True but I am not sure,False but I am not sure,"Potentiometry is an analytical technique used to find the concentration of unknown solute in a solution. It is done through measuring the potential difference between the 2 electrodes, concentration is proportional to the potential difference measured.",in voltammeter we measure current when a potential is applied. it is used to study the analyte.,-
52,53,2022-08-11 14:22:43.517,2022-08-11 14:30:54.997,Submitted,Yes,"Pre-University (e.g. Junior College, Polytechnic, Secondary School, etc.)",No answer,No answer,No answer,Neutral,Neutral,Disagree,Neutral,Disagree,Neutral,Neutral,Neutral,Neutral,Neutral,Neutral,Neutral,Neutral,Neutral,Neutral,"True, I am confident",False but I am not sure,False but I am not sure,False but I am not sure,False but I am not sure,"False, I am confident",I have no idea,True but I am not sure,False but I am not sure,I have no idea,"False, I am confident",Potentiometry is the use of electrochemistry in analytical methods.,using current and potential measurements to analyse things,how it is used in the industry
53,54,2022-08-11 21:51:10.620,2022-08-11 22:07:18.713,Submitted,No,"Pre-University (e.g. Junior College, Polytechnic, Secondary School, etc.)",No answer,No answer,No answer,Neutral,Neutral,Disagree,Neutral,Neutral,Neutral,Agree,Neutral,Neutral,Neutral,Neutral,Neutral,Agree,Neutral,Agree,True but I am not sure,False but I am not sure,False but I am not sure,False but I am not sure,False but I am not sure,False but I am not sure,False but I am not sure,False but I am not sure,False but I am not sure,I have no idea,I have no idea,It is the measurement of the electrical potential of a chemical solution.  ,It is the study of how current changes when the applied potential difference changes,-
54,55,2022-08-09 11:14:12.663,2022-08-09 11:39:02.497,Submitted,Yes,"Pre-University (e.g. Junior College, Polytechnic, Secondary School, etc.)",in Chemistry teaching labs,No answer,No answer,Neutral,Disagree,Neutral,Neutral,Neutral,Neutral,Agree,Agree,Neutral,Agree,Agree,Disagree,Strongly Agree,Neutral,Agree,True but I am not sure,False but I am not sure,False but I am not sure,False but I am not sure,False but I am not sure,True but I am not sure,False but I am not sure,False but I am not sure,False but I am not sure,I have no idea,False but I am not sure,Measuring potential of electrochemical cell under static conditions.,The study of current as a function of applied potential.,I am really bad at electrochemistry. 
55,56,2022-08-09 10:21:14.230,2022-08-09 10:36:37.960,Submitted,Yes,No answer,in Chemistry teaching labs,No answer,No answer,Neutral,Neutral,Agree,Agree,Agree,Neutral,Neutral,Disagree,Neutral,Neutral,Neutral,Agree,Neutral,Neutral,Neutral,True but I am not sure,"False, I am confident",True but I am not sure,False but I am not sure,False but I am not sure,True but I am not sure,False but I am not sure,"True, I am confident",False but I am not sure,I have no idea,True but I am not sure,Measure the electrical potential and apply to the chemical analysis.,"

under a potential difference, measure the current response. ",Do we get to learn in this module how to apply the electrochemistry theory in a real-life experiment? 
56,57,2022-08-10 11:50:29.093,2022-08-10 13:42:52.147,Submitted,Yes,No answer,No answer,in other University modules,No answer,Neutral,Disagree,Disagree,Neutral,Neutral,Neutral,Neutral,Agree,Neutral,Agree,Neutral,Neutral,Neutral,Neutral,Neutral,"True, I am confident",False but I am not sure,False but I am not sure,True but I am not sure,"False, I am confident",I have no idea,False but I am not sure,False but I am not sure,True but I am not sure,False but I am not sure,False but I am not sure,Potentiometry is the measurement of electrical potential differences.,Voltammetry studies a chemical's response to an electric potential applied through electrodes.,no questions for now
57,58,2022-08-10 17:35:24.860,2022-08-10 17:43:20.920,Submitted,Yes,No answer,No answer,in other University modules,No answer,Neutral,Neutral,Neutral,Neutral,Neutral,Agree,Neutral,Neutral,Neutral,Neutral,Neutral,Neutral,Agree,Neutral,Agree,I have no idea,True but I am not sure,False but I am not sure,True but I am not sure,True but I am not sure,False but I am not sure,True but I am not sure,True but I am not sure,True but I am not sure,I have no idea,"False, I am confident",Method to find the concentration  of solute in  solution,It  is a  method of measuring the electric current,"I am very new to  electrochemistry, but I hope I have a fun time in this class!"
59,60,2022-08-10 12:43:26.103,2022-08-10 12:56:40.953,Submitted,Yes,No answer,No answer,in other University modules,No answer,Neutral,Disagree,Disagree,Neutral,Neutral,Agree,Agree,Neutral,Agree,Neutral,Disagree,Disagree,Agree,Disagree,Agree,"True, I am confident","True, I am confident",True but I am not sure,False but I am not sure,"False, I am confident",I have no idea,False but I am not sure,True but I am not sure,"False, I am confident",I have no idea,"False, I am confident",Electrochemistry to measure the concentration according to Nernst equation.,Electrochemistry to analyze the relationship between electric potential and current.,
60,61,2022-08-09 10:31:08.927,2022-08-11 22:04:53.547,Submitted,Yes,"Pre-University (e.g. Junior College, Polytechnic, Secondary School, etc.)",No answer,in other University modules,No answer,Neutral,Neutral,Neutral,Neutral,Disagree,Neutral,Neutral,Neutral,Neutral,Neutral,Neutral,Neutral,Neutral,Neutral,Neutral,"False, I am confident","False, I am confident","False, I am confident",False but I am not sure,"False, I am confident","False, I am confident","False, I am confident","False, I am confident","False, I am confident",False but I am not sure,"False, I am confident","Measure the electrode potential of un-kowned solution by using concentration difference and therefore know the concentration of analyte, while the whole process involve zero current.
", ,NIL
